Id,Location,Price,Bedrooms,Bathrooms,Size
154147,Santa Maria-Orcutt,286500,3,2,1700
154420,Creston,549000,3,2,1701
149864,Paso Robles,249000,3,2,1662
143037,Templeton,550000,3,2,1852
149839,Coalinga,170000,3,2,1320
146144,Paso Robles,225000,3,2,1456
154472,Paso Robles,579900,4,3,3166
154328,Santa Maria-Orcutt,179000,3,2,1200
149917,Los Osos,205000,2,2,1388
154373,Arroyo Grande,995000,4,4,3740
147440,Grover Beach,240000,2,2,1020
154539,Arroyo Grande,975000,4,3,2720
154481,Paso Robles,524900,3,2,2380
153425,Santa Maria-Orcutt,289900,4,3,2400
154504,Arroyo Grande,599000,4,2,1728
150294,Santa Maria-Orcutt,219000,3,2,1131
154242,Atascadero,349000,3,3,2000
151126,Santa Maria-Orcutt,229900,3,3,1900
152152,Santa Maria-Orcutt,315000,3,2,2004
152967,Santa Maria-Orcutt,199000,4,3,1467
154167,Santa Maria-Orcutt,209000,3,2,1520
154428,Cambria,1290000,3,3,2130
151871,Santa Maria-Orcutt,399000,4,3,2300
149317,Paso Robles,370000,4,2,2064
150501,Santa Maria-Orcutt,240000,4,2,1460
149989,Nipomo,159000,4,2,1660
153134,Lompoc,307000,3,2,1594
143170,Santa Maria-Orcutt,279000,4,3,2580
141212,Santa Maria-Orcutt,285000,3,2,2400
152491,Santa Maria-Orcutt,125000,3,2,900
150949,Nipomo,1700000,3,5,4463
153570,Santa Maria-Orcutt,165000,3,2,1204
150746,Santa Maria-Orcutt,437500,3,3,2523
153088,Paso Robles,239900,3,2,1080
154400,Los Osos,648000,3,3,2193
151277,Atascadero,324900,2,2,1426
154298,Santa Maria-Orcutt,240000,3,3,2039
154415,Santa Maria-Orcutt,850000,3,2,2481
154311,Santa Maria-Orcutt,281900,4,3,2357
150556,Santa Maria-Orcutt,399900,4,4,3050
146149,Santa Maria-Orcutt,195000,2,1,811
144316,Morro Bay,1045000,3,3,2100
152487,Oceano,399900,3,2,1487
154435,Cambria,598000,2,3,2219
154374,Lompoc,193450,4,2,1217
147620,Santa Maria-Orcutt,269000,3,3,1780
151826,Paso Robles,199000,2,1,1000
154200,Santa Maria-Orcutt,187900,2,2,980
152597,Grover Beach,275000,2,2,1194
139661,Paso Robles,314000,4,3,1794
