"MLS","Location","Price","Bedrooms","Bathrooms","Size","Price.SQ.Ft","Status"
149633,"Santa Maria-Orcutt",324000,5,4,2400,135,"Short Sale"
154559," Paso Robles",399000,2,3,1772,225.17,"Regular"
148736,"Santa Maria-Orcutt",180000,3,2,1280,140.63,"Short Sale"
153464,"Atascadero",235000,3,3,1261,186.36,"Short Sale"
154444," Grover Beach",369000,3,2,1080,341.67,"Regular"
154435," Cambria",598000,2,3,2219,269.49,"Regular"
152002,"Santa Maria-Orcutt",299900,3,2,1200,249.92,"Short Sale"
154530," Solvang",125000,2,2,1536,81.38,"Regular"
153865,"Oceano",170000,2,2,885,192.09,"Short Sale"
154400," Los Osos",648000,3,3,2193,295.49,"Regular"
152888,"Nipomo",649000,4,2,1814,357.77,"Foreclosure"
154418,"Oceano",179900,3,2,1161,154.95,"Foreclosure"
154408,"Santa Maria-Orcutt",2e+05,4,2,1430,139.86,"Short Sale"
152291,"Paso Robles",269900,3,2,1139,236.96,"Short Sale"
146212,"Paso Robles",359900,3,3,1951,184.47,"Short Sale"
150744,"Paso Robles",315000,4,2,1653,190.56,"Short Sale"
154580," Cambria",1100000,3,3,2392,459.87,"Regular"
147611,"Paso Robles",399000,3,2,1220,327.05,"Short Sale"
154525," Paso Robles",214900,2,2,1351,159.07,"Regular"
153556,"Santa Maria-Orcutt",350000,3,2,1622,215.78,"Short Sale"
154329,"Santa Maria-Orcutt",177000,3,2,1500,118,"Regular"
154497," Arroyo Grande",525000,3,2,1750,300,"Regular"
144312,"Santa Maria-Orcutt",499000,3,4,2250,221.78,"Short Sale"
153268,"Buellton",377000,3,2,1363,276.6,"Foreclosure"
152395,"Santa Maria-Orcutt",119900,3,2,1312,91.39,"Short Sale"
151647,"Atascadero",409900,4,4,2135,191.99,"Short Sale"
154491," Cambria",2995000,5,4,3684,812.98,"Regular"
154476,"Coalinga",125000,2,1,960,130.21,"Short Sale"
154557," San Miguel",595000,3,3,2238,265.86,"Regular"
152024,"Paso Robles",399000,4,2,2139,186.54,"Short Sale"
150493,"Lompoc",186900,3,1,912,204.93,"Foreclosure"
154479,"San Miguel",209900,3,2,1356,154.79,"Foreclosure"
153734,"Santa Maria-Orcutt",150000,3,2,1349,111.19,"Short Sale"
153411,"Santa Maria-Orcutt",245000,3,3,1859,131.79,"Short Sale"
150588,"Paso Robles",259000,3,2,1640,157.93,"Short Sale"
154347," Pismo Beach",540000,2,1,817,660.95,"Regular"
149612,"Atascadero",450000,2,2,1463,307.59,"Short Sale"
154113,"Buellton",375000,3,3,1475,254.24,"Short Sale"
154422," Atascadero",299000,3,2,1310,228.24,"Regular"
151805,"Santa Maria-Orcutt",225000,3,2,1600,140.63,"Short Sale"
149994,"King City",69900,3,1,936,74.68,"Foreclosure"
152757,"Los Osos",499000,3,2,2120,235.38,"Short Sale"
153799,"Soledad",220000,5,3,2408,91.36,"Foreclosure"
149829,"Santa Maria-Orcutt",295000,3,2,1386,212.84,"Short Sale"
154419," Los Osos",149000,3,2,1440,103.47,"Regular"
154338,"Santa Maria-Orcutt",275000,3,2,1460,188.36,"Short Sale"
145789,"Santa Maria-Orcutt",259900,3,2,1726,150.58,"Short Sale"
149917,"Los Osos",205000,2,2,1388,147.69,"Short Sale"
145471,"Nipomo",325000,7,5,2688,120.91,"Short Sale"
154366," Santa Maria-Orcutt",699900,5,4,3000,233.3,"Regular"
